<?xml version="1.0" encoding="UTF-8"?>
<configurationDescriptor version="84">
  <logicalFolder name="root" displayName="root" projectFiles="true" kind="ROOT">
    <logicalFolder name="HeaderFiles"
                   displayName="Header Files"
                   projectFiles="true">
    </logicalFolder>
    <logicalFolder name="ResourceFiles"
                   displayName="Resource Files"
                   projectFiles="true">
    </logicalFolder>
    <logicalFolder name="SourceFiles"
                   displayName="Source Files"
                   projectFiles="true">
      <itemPath>Cube.cpp</itemPath>
      <itemPath>Cube.h</itemPath>
      <itemPath>Object.cpp</itemPath>
      <itemPath>Object.h</itemPath>
      <itemPath>Reader.cpp</itemPath>
      <itemPath>Reader.h</itemPath>
      <itemPath>Renderer.h</itemPath>
      <itemPath>Scene.cpp</itemPath>
      <itemPath>Scene.h</itemPath>
      <itemPath>Shader.cpp</itemPath>
      <itemPath>Shader.h</itemPath>
      <itemPath>Sphere.cpp</itemPath>
      <itemPath>Sphere.h</itemPath>
      <itemPath>main.cpp</itemPath>
    </logicalFolder>
    <logicalFolder name="TestFiles"
                   displayName="Test Files"
                   projectFiles="false"
                   kind="TEST_LOGICAL_FOLDER">
    </logicalFolder>
    <logicalFolder name="ExternalFiles"
                   displayName="Important Files"
                   projectFiles="false"
                   kind="IMPORTANT_FILES_FOLDER">
      <itemPath>Makefile</itemPath>
    </logicalFolder>
  </logicalFolder>
  <projectmakefile>Makefile</projectmakefile>
  <confs>
    <conf name="Debug" type="1">
      <toolsSet>
        <remote-sources-mode>LOCAL_SOURCES</remote-sources-mode>
        <compilerSet>default</compilerSet>
      </toolsSet>
      <compileType>
        <linkerTool>
          <linkerLibItems>
            <linkerOptionItem>`pkg-config --libs opencv`</linkerOptionItem>
            <linkerOptionItem>`pkg-config --libs gl`</linkerOptionItem>
            <linkerOptionItem>`pkg-config --libs glew`</linkerOptionItem>
            <linkerOptionItem>`pkg-config --libs tinyxml`</linkerOptionItem>
            <linkerOptionItem>-lglut</linkerOptionItem>
          </linkerLibItems>
        </linkerTool>
      </compileType>
    </conf>
    <conf name="Release" type="1">
      <toolsSet>
        <remote-sources-mode>LOCAL_SOURCES</remote-sources-mode>
        <compilerSet>default</compilerSet>
      </toolsSet>
      <compileType>
        <cTool>
          <developmentMode>5</developmentMode>
        </cTool>
        <ccTool>
          <developmentMode>5</developmentMode>
        </ccTool>
        <fortranCompilerTool>
          <developmentMode>5</developmentMode>
        </fortranCompilerTool>
        <asmTool>
          <developmentMode>5</developmentMode>
        </asmTool>
      </compileType>
    </conf>
  </confs>
</configurationDescriptor>
